Workbook

Sheet Instructions
A1: RCWL-1601 Ultrasonic Sensor Calibration Sweep
A2: Group 11 - ENGG3000
A3: Purpose
A4: Log raw sensor readings at known tape-measured distances so we can (1) find the real
A5: usable near/far range, (2) size a noise filter, and (3) fit a calibration correction
A6: (actual = slope x raw + intercept) instead of trusting raw mm values as-is.
A8: How to log data (Raw Readings tab)
A9: 1. Place a flat target (a board reads more consistently than a hand) at each tape-
A10: measured Target Distance already listed in column C.
A11: 2. Test each sensor (Left / d1 and Right / d2) INDIVIDUALLY, do not just log the
A12: combined average. That is the main gap in the data collected so far.
A13: 3. At each distance, take 15-20 raw readings from the serial monitor while the target
... A32: Black text = calculated automatically, do not overwrite

Sheet Raw Readings
A1: Sensor Log
A3: Box ID | B3: Sensor | C3: Target Distance (mm) | D3: Trial 1 | E3: Trial 2 | F3: Trial 3 | G3: Count | H3: Mean (mm) | I3: Std Dev (mm) | J3: Min (mm) | K3: Max (mm) | L3: Error (mm) | M3: Error (%)
A4: EXAMPLE | B4: Left (d1) | C4: 100 | D4: 96 | E4: 98 | F4: 101 | G4: =COUNT(D4:F4) -> 3 | H4: =IFERROR(AVERAGE(D4:F4),"") -> 98.333333 | I4: =IFERROR(STDEV(D4:F4),"") -> 2.5166115 | J4: =IF(G4=0,"",MIN(D4:F4)) -> 96 | K4: =IF(G4=0,"",MAX(D4:F4)) -> 101 | L4: =IFERROR(H4-C4,"") -> -1.6666667 | M4: =IFERROR((H4-C4)/C4,"") -> -0.016666667
A5: 1 | B5: Left (d1) | C5: 100 | D5: 70 | E5: 109 | F5: 96 | G5: =COUNT(D5:F5) -> 3 | H5: =IFERROR(AVERAGE(D5:F5),"") -> 91.666667 | I5: =IFERROR(STDEV(D5:F5),"") -> 19.857828 | J5: =IF(G5=0,"",MIN(D5:F5)) -> 70 | K5: =IF(G5=0,"",MAX(D5:F5)) -> 109 | L5: =IFERROR(H5-C5,"") -> -8.3333333 | M5: =IFERROR((H5-C5)/C5,"") -> -0.083333333
A6: 1 | B6: Left (d1) | C6: 200 | D6: 182 | E6: 182 | F6: 178 | G6: =COUNT(D6:F6) -> 3 | H6: =IFERROR(AVERAGE(D6:F6),"") -> 180.66667 | I6: =IFERROR(STDEV(D6:F6),"") -> 2.3094011 | J6: =IF(G6=0,"",MIN(D6:F6)) -> 178 | K6: =IF(G6=0,"",MAX(D6:F6)) -> 182 | L6: =IFERROR(H6-C6,"") -> -19.333333 | M6: =IFERROR((H6-C6)/C6,"") -> -0.096666667
A7: 1 | B7: Left (d1) | C7: 400 | D7: 360 | E7: 376 | F7: 358 | G7: =COUNT(D7:F7) -> 3 | H7: =IFERROR(AVERAGE(D7:F7),"") -> 364.66667 | I7: =IFERROR(STDEV(D7:F7),"") -> 9.8657657 | J7: =IF(G7=0,"",MIN(D7:F7)) -> 358 | K7: =IF(G7=0,"",MAX(D7:F7)) -> 376 | L7: =IFERROR(H7-C7,"") -> -35.333333 | M7: =IFERROR((H7-C7)/C7,"") -> -0.088333333
A8: 1 | B8: Left (d1) | C8: 600 | D8: 576 | E8: 550 | F8: 548 | G8: =COUNT(D8:F8) -> 3 | H8: =IFERROR(AVERAGE(D8:F8),"") -> 558 | I8: =IFERROR(STDEV(D8:F8),"") -> 15.620499 | J8: =IF(G8=0,"",MIN(D8:F8)) -> 548 | K8: =IF(G8=0,"",MAX(D8:F8)) -> 576 | L8: =IFERROR(H8-C8,"") -> -42 | M8: =IFERROR((H8-C8)/C8,"") -> -0.07
A9: 1 | B9: Left (d1) | C9: 800 | D9: 755 | E9: 720 | F9: 743 | G9: =COUNT(D9:F9) -> 3 | H9: =IFERROR(AVERAGE(D9:F9),"") -> 739.33333 | I9: =IFERROR(STDEV(D9:F9),"") -> 17.785762 | J9: =IF(G9=0,"",MIN(D9:F9)) -> 720 | K9: =IF(G9=0,"",MAX(D9:F9)) -> 755 | L9: =IFERROR(H9-C9,"") -> -60.666667 | M9: =IFERROR((H9-C9)/C9,"") -> -0.075833333
A10: 1 | B10: Left (d1) | C10: 1000 | D10: 956 | E10: 947 | F10: 940 | G10: =COUNT(D10:F10) -> 3 | H10: =IFERROR(AVERAGE(D10:F10),"") -> 947.66667 | I10: =IFERROR(STDEV(D10:F10),"") -> 8.0208063 | J10: =IF(G10=0,"",MIN(D10:F10)) -> 940 | K10: =IF(G10=0,"",MAX(D10:F10)) -> 956 | L10: =IFERROR(H10-C10,"") -> -52.333333 | M10: =IFERROR((H10-C10)/C10,"") -> -0.052333333
A11: 1 | B11: Left (d1) | C11: 1200 | D11: 1160 | E11: 1185 | F11: 1159 | G11: =COUNT(D11:F11) -> 3 | H11: =IFERROR(AVERAGE(D11:F11),"") -> 1168 | I11: =IFERROR(STDEV(D11:F11),"") -> 14.73092 | J11: =IF(G11=0,"",MIN(D11:F11)) -> 1159 | K11: =IF(G11=0,"",MAX(D11:F11)) -> 1185 | L11: =IFERROR(H11-C11,"") -> -32 | M11: =IFERROR((H11-C11)/C11,"") -> -0.026666667
A12: 1 | B12: Left (d1) | C12: 1400 | D12: 1331 | E12: 1343 | F12: 1179 | G12: =COUNT(D12:F12) -> 3 | H12: =IFERROR(AVERAGE(D12:F12),"") -> 1284.3333 | I12: =IFERROR(STDEV(D12:F12),"") -> 91.418452 | J12: =IF(G12=0,"",MIN(D12:F12)) -> 1179 | K12: =IF(G12=0,"",MAX(D12:F12)) -> 1343 | L12: =IFERROR(H12-C12,"") -> -115.66667 | M12: =IFERROR((H12-C12)/C12,"") -> -0.082619048
A13: 1 | B13: Right (d2) | C13: 100 | D13: 70 | E13: 110 | F13: 93 | G13: =COUNT(D13:F13) -> 3 | H13: =IFERROR(AVERAGE(D13:F13),"") -> 91 | I13: =IFERROR(STDEV(D13:F13),"") -> 20.07486 | J13: =IF(G13=0,"",MIN(D13:F13)) -> 70 | K13: =IF(G13=0,"",MAX(D13:F13)) -> 110 | L13: =IFERROR(H13-C13,"") -> -9 | M13: =IFERROR((H13-C13)/C13,"") -> -0.09
A14: 1 | B14: Right (d2) | C14: 200 | D14: 179 | E14: 179 | F14: 182 | G14: =COUNT(D14:F14) -> 3 | H14: =IFERROR(AVERAGE(D14:F14),"") -> 180 | I14: =IFERROR(STDEV(D14:F14),"") -> 1.7320508 | J14: =IF(G14=0,"",MIN(D14:F14)) -> 179 | K14: =IF(G14=0,"",MAX(D14:F14)) -> 182 | L14: =IFERROR(H14-C14,"") -> -20 | M14: =IFERROR((H14-C14)/C14,"") -> -0.1
A15: 1 | B15: Right (d2) | C15: 400 | D15: 366 | E15: 387 | F15: 359 | G15: =COUNT(D15:F15) -> 3 | H15: =IFERROR(AVERAGE(D15:F15),"") -> 370.66667 | I15: =IFERROR(STDEV(D15:F15),"") -> 14.571662 | J15: =IF(G15=0,"",MIN(D15:F15)) -> 359 | K15: =IF(G15=0,"",MAX(D15:F15)) -> 387 | L15: =IFERROR(H15-C15,"") -> -29.333333 | M15: =IFERROR((H15-C15)/C15,"") -> -0.073333333
A16: 1 | B16: Right (d2) | C16: 600 | D16: 582 | E16: 555 | F16: 550 | G16: =COUNT(D16:F16) -> 3 | H16: =IFERROR(AVERAGE(D16:F16),"") -> 562.33333 | I16: =IFERROR(STDEV(D16:F16),"") -> 17.214335 | J16: =IF(G16=0,"",MIN(D16:F16)) -> 550 | K16: =IF(G16=0,"",MAX(D16:F16)) -> 582 | L16: =IFERROR(H16-C16,"") -> -37.666667 | M16: =IFERROR((H16-C16)/C16,"") -> -0.062777778
... A20: 1 | B20: Right (d2) | C20: 1400 | D20: 1337 | E20: 1345 | F20: 1158 | G20: =COUNT(D20:F20) -> 3 | H20: =IFERROR(AVERAGE(D20:F20),"") -> 1280 | I20: =IFERROR(STDEV(D20:F20),"") -> 105.73079 | J20: =IF(G20=0,"",MIN(D20:F20)) -> 1158 | K20: =IF(G20=0,"",MAX(D20:F20)) -> 1345 | L20: =IFERROR(H20-C20,"") -> -120 | M20: =IFERROR((H20-C20)/C20,"") -> -0.085714286

Sheet Calibration Summary
A1: Calibration
A4: Sensor | B4: Target Distance (mm) | C4: Mean Raw Reading (mm) | D4: Samples Logged (n)
A5: Left (d1) | B5: 100 | C5: =IFERROR(AVERAGEIFS('Raw Readings'!$H$5:$H$20,'Raw Readings'!$B$5:$B$20,A5,'Raw Readings'!$C$5:$C$20,B5),"") -> 91.666667 | D5: =IFERROR(SUMIFS('Raw Readings'!$G$5:$G$20,'Raw Readings'!$B$5:$B$20,A5,'Raw Readings'!$C$5:$C$20,B5),0) -> 3
A6: Left (d1) | B6: 200 | C6: =IFERROR(AVERAGEIFS('Raw Readings'!$H$5:$H$20,'Raw Readings'!$B$5:$B$20,A6,'Raw Readings'!$C$5:$C$20,B6),"") -> 180.66667 | D6: =IFERROR(SUMIFS('Raw Readings'!$G$5:$G$20,'Raw Readings'!$B$5:$B$20,A6,'Raw Readings'!$C$5:$C$20,B6),0) -> 3
A7: Left (d1) | B7: 400 | C7: =IFERROR(AVERAGEIFS('Raw Readings'!$H$5:$H$20,'Raw Readings'!$B$5:$B$20,A7,'Raw Readings'!$C$5:$C$20,B7),"") -> 364.66667 | D7: =IFERROR(SUMIFS('Raw Readings'!$G$5:$G$20,'Raw Readings'!$B$5:$B$20,A7,'Raw Readings'!$C$5:$C$20,B7),0) -> 3
A8: Left (d1) | B8: 600 | C8: =IFERROR(AVERAGEIFS('Raw Readings'!$H$5:$H$20,'Raw Readings'!$B$5:$B$20,A8,'Raw Readings'!$C$5:$C$20,B8),"") -> 558 | D8: =IFERROR(SUMIFS('Raw Readings'!$G$5:$G$20,'Raw Readings'!$B$5:$B$20,A8,'Raw Readings'!$C$5:$C$20,B8),0) -> 3
A9: Left (d1) | B9: 800 | C9: =IFERROR(AVERAGEIFS('Raw Readings'!$H$5:$H$20,'Raw Readings'!$B$5:$B$20,A9,'Raw Readings'!$C$5:$C$20,B9),"") -> 739.33333 | D9: =IFERROR(SUMIFS('Raw Readings'!$G$5:$G$20,'Raw Readings'!$B$5:$B$20,A9,'Raw Readings'!$C$5:$C$20,B9),0) -> 3
A10: Left (d1) | B10: 1000 | C10: =IFERROR(AVERAGEIFS('Raw Readings'!$H$5:$H$20,'Raw Readings'!$B$5:$B$20,A10,'Raw Readings'!$C$5:$C$20,B10),"") -> 947.66667 | D10: =IFERROR(SUMIFS('Raw Readings'!$G$5:$G$20,'Raw Readings'!$B$5:$B$20,A10,'Raw Readings'!$C$5:$C$20,B10),0) -> 3
A11: Left (d1) | B11: 1200 | C11: =IFERROR(AVERAGEIFS('Raw Readings'!$H$5:$H$20,'Raw Readings'!$B$5:$B$20,A11,'Raw Readings'!$C$5:$C$20,B11),"") -> 1168 | D11: =IFERROR(SUMIFS('Raw Readings'!$G$5:$G$20,'Raw Readings'!$B$5:$B$20,A11,'Raw Readings'!$C$5:$C$20,B11),0) -> 3
A12: Left (d1) | B12: 1400 | C12: =IFERROR(AVERAGEIFS('Raw Readings'!$H$5:$H$20,'Raw Readings'!$B$5:$B$20,A12,'Raw Readings'!$C$5:$C$20,B12),"") -> 1284.3333 | D12: =IFERROR(SUMIFS('Raw Readings'!$G$5:$G$20,'Raw Readings'!$B$5:$B$20,A12,'Raw Readings'!$C$5:$C$20,B12),0) -> 3
A14: Right (d2) | B14: 100 | C14: =IFERROR(AVERAGEIFS('Raw Readings'!$H$5:$H$20,'Raw Readings'!$B$5:$B$20,A14,'Raw Readings'!$C$5:$C$20,B14),"") -> 91 | D14: =IFERROR(SUMIFS('Raw Readings'!$G$5:$G$20,'Raw Readings'!$B$5:$B$20,A14,'Raw Readings'!$C$5:$C$20,B14),0) -> 3
A15: Right (d2) | B15: 200 | C15: =IFERROR(AVERAGEIFS('Raw Readings'!$H$5:$H$20,'Raw Readings'!$B$5:$B$20,A15,'Raw Readings'!$C$5:$C$20,B15),"") -> 180 | D15: =IFERROR(SUMIFS('Raw Readings'!$G$5:$G$20,'Raw Readings'!$B$5:$B$20,A15,'Raw Readings'!$C$5:$C$20,B15),0) -> 3
A16: Right (d2) | B16: 400 | C16: =IFERROR(AVERAGEIFS('Raw Readings'!$H$5:$H$20,'Raw Readings'!$B$5:$B$20,A16,'Raw Readings'!$C$5:$C$20,B16),"") -> 370.66667 | D16: =IFERROR(SUMIFS('Raw Readings'!$G$5:$G$20,'Raw Readings'!$B$5:$B$20,A16,'Raw Readings'!$C$5:$C$20,B16),0) -> 3
A17: Right (d2) | B17: 600 | C17: =IFERROR(AVERAGEIFS('Raw Readings'!$H$5:$H$20,'Raw Readings'!$B$5:$B$20,A17,'Raw Readings'!$C$5:$C$20,B17),"") -> 562.33333 | D17: =IFERROR(SUMIFS('Raw Readings'!$G$5:$G$20,'Raw Readings'!$B$5:$B$20,A17,'Raw Readings'!$C$5:$C$20,B17),0) -> 3
... A30: Combined (avg) | B30: 1400 | C30: =IFERROR(AVERAGEIFS('Raw Readings'!$H$5:$H$20,'Raw Readings'!$B$5:$B$20,A30,'Raw Readings'!$C$5:$C$20,B30),"") | D30: =IFERROR(SUMIFS('Raw Readings'!$G$5:$G$20,'Raw Readings'!$B$5:$B$20,A30,'Raw Readings'!$C$5:$C$20,B30),0) -> 0
A33: Linear Calibration Fit (actual = slope x raw + intercept)
A34: Sensor | B34: Slope | C34: Intercept (mm) | D34: R-squared
A35: Left (d1) | B35: =IFERROR(SLOPE($B$5:$B$12,$C$5:$C$12),"Need >=2 distances") -> 1.0556139 | C35: =IFERROR(INTERCEPT($B$5:$B$12,$C$5:$C$12),"Need >=2 distances") -> 8.6254291 | D35: =IFERROR(RSQ($B$5:$B$12,$C$5:$C$12),"Need >=2 distances") -> 0.99788602
A36: Right (d2) | B36: =IFERROR(SLOPE($B$14:$B$21,$C$14:$C$21),"Need >=2 distances") -> 1.0982747 | C36: =IFERROR(INTERCEPT($B$14:$B$21,$C$14:$C$21),"Need >=2 distances") -> -2.2938144 | D36: =IFERROR(RSQ($B$14:$B$21,$C$14:$C$21),"Need >=2 distances") -> 0.99861747
A39: Quick Calibration Calculator
A40: Sensor | B40: Enter Raw Reading (mm) | C40: Calibrated Distance (mm)
A41: Left (d1) | C41: =IFERROR($B$35*B41+$C$35,"") -> 8.6254291
A42: Right (d2) | C42: =IFERROR($B$36*B42+$C$36,"") -> -2.2938144
A43: Combined (avg) | C43: =IFERROR($B$37*B43+$C$37,"") -> 0
